episode,global_step,reward,steps,success,collision,out_of_altitude,final_distance,epsilon,mean_loss
1,9,-96.03192445430123,9,0,0,1,30.344919359900018,0.999829,nan
2,22,-97.04007118055355,13,0,0,1,30.748992863721377,0.999582,nan
3,132,-81.43625747235038,110,0,0,1,20.522085869824238,0.997492,nan
4,169,-90.28275642963295,37,0,0,1,26.770335348465547,0.996789,nan
5,223,-85.9306241337761,54,0,1,0,24.169269200537123,0.995763,nan
6,299,-85.81585791147756,76,0,1,0,23.561886089387844,0.994319,nan
7,400,-84.56729791019441,101,0,0,1,22.312606088746257,0.9924,nan
8,539,-79.44830680727179,139,0,0,1,18.803110397285426,0.989759,nan
9,659,-77.10918069111219,120,0,0,1,18.108547339205607,0.987479,nan
10,756,-74.43157643489073,97,0,0,1,17.34474535109442,0.985636,nan
11,863,-87.05692033544784,107,0,0,1,23.407417161373466,0.983603,nan
12,981,-74.63051790015331,118,0,1,0,16.91921608372571,0.981361,nan
13,1083,-75.13515756879244,102,0,1,0,17.57153591804527,0.979423,1.2266233786940575
14,1174,-87.72692633853522,91,0,0,1,24.142420302916655,0.977694,1.1944767922203947
15,1252,-89.08252441966758,78,0,0,1,25.14521934348286,0.976212,1.6653243267837052
16,1402,25.597981098964343,150,0,0,0,16.004966584166873,0.973362,1.0409651323842506
17,1552,29.036634313174822,150,0,0,0,14.285639837062092,0.970512,0.8493618271003167
18,1602,-88.11363023903235,50,0,1,0,25.360772113165716,0.969562,0.8263832547143102
19,1668,-85.1344649000735,66,0,1,0,23.47118972348134,0.968308,1.2405307147807132
20,1690,-96.16555219740833,22,0,1,0,30.086733092353708,0.96789,1.2881043447096916
21,1738,-83.37336307886373,48,0,1,0,23.040638673080927,0.966978,1.2448402194616695
22,1853,-69.49644279307624,115,0,1,0,14.427178530187161,0.964793,0.9062844772134786
23,1885,-85.37278038070855,32,0,0,1,24.440347882234718,0.964185,1.467153214616701
24,2019,-69.63013571890963,134,0,1,0,14.019024853104327,0.961639,0.9885524966503814
25,2121,-86.66144138126037,102,0,0,1,23.334677964074782,0.959701,1.0308071988653027
26,2165,-84.98856884368165,44,0,1,0,23.948241555489894,0.958865,0.6563033572694456
27,2300,-76.16564569481933,135,0,0,1,17.261780539290104,0.9563,1.0755034185256118
28,2364,-85.97720588779137,64,0,1,0,23.942560075385614,0.955084,0.842552788410103
29,2439,-90.77678526135324,75,0,1,0,26.067349904121226,0.953659,1.091141984704882
30,2589,30.709921986707222,150,0,0,0,13.448996140295415,0.950809,1.0899561506292472
31,2633,-85.00811433180125,44,0,1,0,23.95801429954969,0.949973,1.425441476389427
32,2735,-73.2477274996805,102,0,0,1,16.627820883489296,0.948035,1.1998286355131615
33,2788,-82.26215981783245,53,0,1,0,22.360037042565285,0.947028,1.1816661421490728
34,2844,-87.94474165279331,56,0,1,0,25.12632796004572,0.945964,0.7870504896522367
35,2932,-72.8144275265239,88,0,1,0,16.761171455142392,0.944292,1.0010294812646778
36,2965,-88.94158119921406,33,0,0,1,26.199747733256096,0.943665,0.6687803610481999
37,2983,-92.12511769956838,18,0,0,1,28.16651598343326,0.943323,1.0388401925512072
38,3036,-77.0504796577994,53,0,1,0,19.75419752078015,0.942316,0.9300156307740594
39,3105,-79.74003425953144,69,0,0,1,20.698974682443996,0.941005,1.0604515245886168
40,3255,36.83404122861858,150,0,0,0,10.38693637934023,0.938155,1.0359191688367475
41,3405,38.65433449420826,150,0,0,0,9.47678988654492,0.935305,1.1364310244098306
42,3555,32.02596540377392,150,0,0,0,12.790974431762091,0.932455,1.1758994771478077
43,3652,-75.69137286021373,97,0,1,0,17.97464370355146,0.930612,1.0303138526415778
44,3685,-82.36246338162685,33,0,1,0,22.91018865537845,0.9299850000000001,1.3154654436829416
45,3737,-87.80566071006048,52,0,1,0,25.156787907708527,0.928997,0.9157227944546881
46,3785,-82.59785414504839,48,0,1,0,22.652884206173262,0.928085,1.1719415754390259
47,3916,-75.20325652454522,131,0,0,1,16.880585395921656,0.925596,1.0541885264274728
48,4066,36.36158770921184,150,0,0,0,10.623163249736338,0.922746,1.274634251423801
49,4216,22.32031375491952,150,0,0,0,17.643800256189266,0.919896,0.9573837800510228
50,4269,-86.48005248788064,53,0,1,0,24.468983377589385,0.9188890000000001,1.1944690801132962
51,4324,-87.02438735684933,55,0,1,0,24.691150951869265,0.917844,0.9218742806295103
52,4432,-73.4732364363713,108,0,1,0,16.59057521094231,0.915792,1.1195064280440823
53,4582,37.67147052709282,150,0,0,0,9.968221730103139,0.912942,0.8957359556791683
54,4642,-86.5069135156502,60,0,1,0,24.307414031269687,0.911802,0.644148453650996
55,4702,-82.91160114674466,60,0,1,0,22.50975826525277,0.910662,0.9614829904555032
56,4739,-83.02985303000715,37,0,1,0,23.143883508653115,0.909959,0.9452623946441187
57,4756,-99.43163077823296,17,0,0,1,31.844772522765545,0.909636,1.1274918662384152
58,4906,42.65846631046306,150,0,0,0,7.474723838418053,0.906786,0.9554086750745774
59,5056,43.49971676252628,150,0,0,0,7.054099171415143,0.903936,0.8074127446642766
60,5159,-65.12934664534441,103,0,0,1,12.543630566589698,0.901979,0.8497700000778564
61,5309,38.68146368327349,150,0,0,0,9.46322543180784,0.8991290000000001,0.9863329295193156
62,5459,31.781675243474417,150,0,0,0,12.913119651707362,0.896279,0.9823221978110571
63,5541,-74.98455602717739,82,0,1,0,17.996235147237748,0.894721,0.8283534094963859
64,5573,-86.25857350336642,32,0,0,1,24.883244025127812,0.894113,1.2616230835556053
65,5723,33.38299614590522,150,0,0,0,12.112459060696452,0.891263,0.8530286022399862
66,5781,-85.49948033710082,58,0,1,0,23.853697162199946,0.890161,0.8948576333852292
67,5840,-73.35300988566624,59,0,1,0,17.75546207648218,0.88904,0.8182838736575538
68,5925,-73.42077537853248,85,0,1,0,17.139344822915298,0.887425,0.8649067928685862
69,6075,37.91454980050245,150,0,0,0,9.846682791629206,0.884575,0.8256332400627434
70,6159,-86.92480503035799,84,0,1,0,23.916359788623595,0.882979,0.85940540415634
71,6200,-87.68530530528407,41,0,1,0,25.3716097862911,0.8822,0.8681877748813571
72,6280,-74.91880630886769,80,0,1,0,18.013360288082897,0.88068,0.8378586384002119
73,6407,-62.608440075364754,127,0,0,1,10.68317717133143,0.878267,1.0938876159489155
74,6455,-87.52458859358589,48,0,1,0,25.116251570237537,0.877355,0.6320650468502814
75,6493,-80.94617501151944,38,0,1,0,22.077044639408786,0.876633,1.2727572582662106
76,6545,-83.62783122354689,52,0,1,0,23.067873273292022,0.875645,0.8362341028853104
77,6588,-86.28888989451525,43,0,0,1,24.623401940907165,0.874828,0.41407849007221154
78,6738,44.99400936716496,150,0,0,0,6.306952450066575,0.871978,0.8666019391951462
79,6799,-82.65712314549063,61,0,1,0,22.357519264625765,0.870819,1.152388156513821
80,6840,-84.80036093518657,41,0,1,0,23.92913760124236,0.87004,1.0494806278814994
81,6892,-85.10715314082272,52,0,1,0,23.807533843855957,0.869052,0.889668072735031
82,7042,41.93501281094861,150,0,0,0,7.836450728174756,0.866202,1.0069208100003502
83,7073,-86.57669794195745,31,0,0,1,25.067306075320996,0.865613,1.338167562600105
84,7191,-68.11011113282149,118,0,1,0,13.659012700059789,0.863371,1.196933330415543
85,7341,47.393349300478455,150,0,0,0,5.10728248340985,0.860521,1.1439945398643614
86,7416,-74.60121685030273,75,0,1,0,17.97956555880042,0.859096,0.8044023370494445
87,7427,-95.80665649274074,11,0,1,0,30.18228538001944,0.858887,1.4333484050902454
88,7577,43.137922611855565,150,0,0,0,7.2349958277212965,0.8560369999999999,0.8215535805001855
89,7628,-85.27241882355689,51,0,1,0,23.915166545427514,0.8550679999999999,0.8199837157393203
90,7655,-83.24144508354824,27,0,1,0,23.49967967542319,0.854555,0.6070455304450459
91,7754,-74.58262584732113,99,0,0,1,17.37026991731008,0.852674,1.029793981933082
92,7793,-84.52180426915544,39,0,1,0,23.839859268226785,0.851933,0.8448988639582427
93,7829,-84.15196372804085,36,0,1,0,23.729938857669964,0.851249,0.6648451734023789
94,7873,-84.40775966276306,44,0,1,0,23.657836825031065,0.8504130000000001,0.7276765699921683
95,7897,-83.1986174079417,24,0,1,0,23.553265837619914,0.8499570000000001,0.7231207058454553
96,7940,-81.03791070813548,43,0,1,0,21.997912487716807,0.84914,0.7111590218318756
97,8008,-74.24432618397003,68,0,1,0,17.976120225634077,0.847848,0.8921660325928208
98,8158,32.658533867840205,150,0,0,0,12.474690059729408,0.844998,0.730121042629083
99,8204,-85.85789881784932,46,0,1,0,24.332906542573728,0.844124,1.0853898238957576
100,8260,-86.33145459306958,56,0,1,0,24.319684569979387,0.84306,0.7392951134326202
101,8344,-75.17969966539904,84,0,1,0,18.043806824206268,0.841464,1.02838856839974
102,8357,-94.37702038768516,13,0,1,0,29.417467467287185,0.841217,0.822672466819103
103,8390,-87.85841695403542,33,0,1,0,25.658165750462306,0.84059,1.5582584899031755
104,8540,49.9665782301878,150,0,0,0,3.820668158350696,0.83774,1.06866197037821
105,8690,42.49228474236801,150,0,0,0,7.557814762465055,0.83489,1.2782698315009475
106,8803,-83.49187610689323,113,0,1,0,21.474895187095655,0.832743,1.1735438560424125
107,8842,-86.59939045575456,39,0,1,0,24.87865222152682,0.832002,0.8679850253825768
108,8900,-72.34317229180965,58,0,1,0,17.275543279553883,0.8309,0.8707679745837532
109,9050,26.515008114347406,150,0,0,0,15.546453076475364,0.82805,1.0319916466996073
110,9083,-82.4636227161632,33,0,1,0,22.96076849173066,0.827423,1.3227072913538327
111,9185,-72.06985089521126,102,0,0,1,16.038882581254676,0.825485,0.9798190659825124
112,9210,-89.4492664777493,25,0,0,1,26.653590930755108,0.82501,0.7492147669941187
113,9249,-83.49278033159193,39,0,1,0,23.3253471594455,0.824269,0.925113709595723
114,9387,-66.78176792301079,138,0,0,1,12.494841708118425,0.821647,0.9863316890365188
115,9441,-85.93483891241695,54,0,1,0,24.171376589857537,0.820621,1.5229748737204958
116,9554,-65.42981905961115,113,0,1,0,12.443866803250167,0.818474,1.1825144180319214
117,9660,-56.488884932931484,106,0,1,0,8.148399739910353,0.81646,1.1509685471548505
118,9702,-84.02421256210249,42,0,1,0,23.51606355449584,0.815662,0.9744604646804786
119,9748,-84.42003658608257,46,0,1,0,23.613975286690824,0.8147880000000001,1.3424579034680906
120,9826,-66.47515099613926,78,0,1,0,13.841532631718698,0.813306,0.8147011751261277
121,9884,-81.72962396386805,58,0,0,1,21.96876911558309,0.812204,1.0636926001130507
122,10034,43.76468424767061,150,0,0,0,6.921615009813783,0.809354,1.142369265295565
123,10184,41.55685720399741,150,0,0,0,8.025528670176918,0.806504,1.113097967778643
124,10222,-82.54926192922774,38,0,1,0,22.878588098262938,0.805782,0.8716696770371575
125,10288,-73.48687923272706,66,0,1,0,17.647396889808117,0.804528,1.305040959607471
126,10343,-85.43077527427715,55,0,1,0,23.894344770787644,0.8034830000000001,1.0703025825999
127,10375,-84.8851387648474,32,0,1,0,24.196527074304154,0.802875,1.0927109960466623
128,10525,40.89961146416836,150,0,0,0,8.354151958869918,0.800025,1.3245254371439417
129,10564,-85.49149183256789,39,0,1,0,24.324703608164395,0.799284,1.1724701227668004
130,10600,-83.32307792296518,36,0,1,0,23.31549595513212,0.7986,1.3936155744724803
131,10624,-84.05418270786227,24,0,1,0,23.981049045811584,0.798144,1.6467162369129558
132,10663,-85.29469136477903,39,0,1,0,24.226302814599123,0.797403,0.5533985951198981
133,10696,-83.36294487846015,33,0,1,0,23.41042957287915,0.796776,0.7622499848631296
134,10844,-60.716568648484774,148,0,0,1,9.212241597687019,0.793964,1.0180368489913039
135,10903,-85.79777617461039,59,0,1,0,23.977845220954254,0.792843,1.4067871292453196
136,10951,-73.55974236262443,48,0,0,1,18.13382845475681,0.791931,0.9988681721345832
137,11010,-72.60041131093176,59,0,1,0,17.379162789114936,0.79081,1.3487323231489983
138,11071,-75.32937580668545,61,0,0,1,18.693645595223163,0.789651,1.389001512197686
139,11113,-84.1769724318423,42,0,1,0,23.592443489365746,0.788853,1.7272728776470536
140,11179,-73.19255484956156,66,0,1,0,17.500234558429838,0.787599,1.4094206252220003
141,11225,-85.47175745055463,46,0,1,0,24.13983585892637,0.786725,1.3924586302398338
142,11289,-72.81902525042915,64,0,1,0,17.36346975886363,0.785509,0.9592568728839979
143,11310,-84.3912916021191,21,0,1,0,24.224603351162575,0.78511,1.8025043127792222
144,11365,-73.73329492606618,55,0,1,0,18.045604736477674,0.784065,1.5412270058285107
145,11509,-59.73366037012983,144,0,0,1,8.820787458509518,0.781329,1.3221267294656072
146,11550,-87.55931234395723,41,0,1,0,25.30861344542321,0.78055,1.277159971253174
147,11592,-85.57534614083951,42,0,1,0,24.291630204068817,0.779752,0.7779725825502759
148,11656,-72.11531794677427,64,0,0,1,17.01161610703619,0.778536,1.3830806313198991
149,11806,14.139081604202005,150,0,0,0,21.734416471343554,0.775686,1.035791933660706
150,11843,-84.1495259852302,37,0,1,0,23.70371998537178,0.774983,1.2538340762257576
151,11881,-87.96973922325937,38,0,1,0,25.588826745278748,0.774261,0.9298386951222232
152,12031,42.22799921330654,150,0,0,0,7.689957525376441,0.7714110000000001,1.2359509887049596
153,12104,-76.99068006896829,73,0,0,1,19.224297168133205,0.770024,1.3002183118401325
154,12128,-83.60045172238311,24,0,1,0,23.754183134636154,0.769568,1.4945867095763485
155,12172,-89.35913380620782,44,0,0,1,26.133524594984358,0.768732,1.3901241414926269
156,12322,41.774220956404726,150,0,0,0,7.916846655446725,0.765882,1.3629242949684461
157,12352,-83.00508471291494,30,0,1,0,23.306499490106535,0.765312,0.974494461218516
158,12385,-83.63484773332101,33,0,1,0,23.546381697429712,0.7646850000000001,0.8008810959079049
159,12417,-81.29423616303696,32,0,1,0,22.401075773398933,0.764077,0.8708362273173407
160,12455,-84.70141672649929,38,0,1,0,23.954665496898706,0.763355,1.0334883983197964
161,12605,43.27416908762004,150,0,0,0,7.166872589839056,0.760505,1.1620228257526954
162,12693,-76.2527448512846,88,0,1,0,18.48032955929135,0.7588330000000001,1.078741106628017
163,12731,-75.52727007535302,38,0,1,0,19.367592031326044,0.758111,1.345554401411822
164,12782,-86.2651260764397,51,0,1,0,24.411520170609393,0.757142,1.2358294058883308
165,12870,-73.92747140940708,88,0,1,0,17.31769283835259,0.75547,1.0467487913556397
166,12914,-84.27050362479666,44,0,1,0,23.5892089460474,0.754634,1.163310658990998
167,12950,-83.29437093186012,36,0,1,0,23.301142739374654,0.75395,0.9547998633546134
168,12992,-87.54748310663497,42,0,0,1,25.277698686966552,0.753152,1.23031541926875
169,13035,-84.55264312614383,43,0,1,0,23.755278696720982,0.752335,1.4306392177592877
170,13072,-83.78824478023063,37,0,1,0,23.52307952376438,0.751632,0.9195208651189869
171,13086,-98.36998078868905,14,0,0,1,31.388947947022814,0.751366,0.4344505827341761
172,13113,-83.46093505132939,27,0,1,0,23.609424659313763,0.750853,1.2370794080197811
173,13194,-71.47988551169271,81,0,1,0,16.268900447726796,0.749314,1.263038785967194
174,13242,-73.27273961361857,48,0,1,0,17.990327498689727,0.748402,1.2878217531833798
175,13328,-68.80330397385839,86,0,1,0,14.805609539607465,0.746768,1.0397450744152763
176,13360,-83.03977356636392,32,0,1,0,23.273844056626555,0.74616,1.4240846130996943
177,13441,-66.90542307409923,81,0,1,0,13.981668780967112,0.744621,1.1399090822188207
178,13591,45.73345993006928,150,0,0,0,5.937227308409974,0.741771,1.2431371613591908
179,13618,-85.90223002088288,27,0,1,0,24.830072283886043,0.741258,1.4823400615542024
180,13646,-84.76070581778446,28,0,1,0,24.234310182336827,0.740726,1.8829646876880102
181,13699,-76.42549328053937,53,0,1,0,19.441703913714274,0.739719,1.2006448767376396
182,13710,-95.42864177889727,11,0,1,0,29.993278023097712,0.73951,1.307750334793871
183,13747,-83.78639021774082,37,0,1,0,23.52215238104602,0.738807,1.5399551906094358
184,13842,-72.06480881000346,95,0,1,0,16.211361538650774,0.737002,1.2241204493139919
185,13992,44.73811778800277,150,0,0,0,6.434898239647692,0.734152,1.1691880306104818
186,14020,-84.17581586960839,28,0,1,0,23.94186506845326,0.73362,1.6159446167626552
187,14042,-85.40531279367103,22,0,0,1,24.706614088715966,0.733202,1.4137011221186682
188,14070,-82.45265425560876,28,0,1,0,23.080284261453446,0.73267,1.7222126385729228
189,14151,-64.86041108845791,81,0,1,0,12.959162677878012,0.731131,1.2957688061819401
190,14201,-84.68992410440285,50,0,1,0,23.64891918585049,0.730181,1.0346316115558147
191,14351,45.33911038860381,150,0,0,0,6.134401799347636,0.727331,1.3484843307236831
192,14441,-65.1996137551892,90,0,1,0,12.903763871244118,0.7256210000000001,1.2621995537231365
193,14591,39.802409892933035,150,0,0,0,8.90275218718256,0.722771,1.102579499905308
194,14741,47.73275285495445,150,0,0,0,4.937580706171836,0.719921,1.2055172669887542
195,14766,-87.5777286770864,25,0,0,1,25.717821472192263,0.719446,0.8988373476266861
196,14812,-81.52240683525707,46,0,1,0,22.165160551277594,0.718572,1.2345285139492024
197,14841,-84.89013982907524,29,0,1,0,24.27402704818669,0.718021,1.5024828303219944
198,14907,-72.3201941982018,66,0,0,1,17.06405423274996,0.7167669999999999,0.8350983748043125
199,14918,-93.9148705317121,11,0,1,0,29.236392399505124,0.716558,1.9153480976819992
200,14945,-82.62876755298826,27,0,1,0,23.193340910143203,0.716045,1.0022286938296423
201,15007,-74.73424220574881,62,0,1,0,18.371078236523463,0.7148669999999999,1.0936934116386599
202,15041,-84.05269593303531,34,0,1,0,23.730305100166717,0.714221,1.4147025430027176
203,15078,-82.53664938737155,37,0,1,0,22.897281827334844,0.7135180000000001,1.6642568419511254
204,15160,-69.86352382342108,82,0,0,1,15.435719045359587,0.7119599999999999,1.6135369636481856
205,15217,-72.9990404711308,57,0,1,0,17.628477927445847,0.710877,1.701714215963556
206,15367,47.2183208306402,150,0,0,0,5.194796716169835,0.708027,1.552222811356187
207,15412,-73.26829022921794,45,0,1,0,18.063102108258512,0.707172,1.068583799733056
208,15453,-83.95757449065688,41,0,1,0,23.507744937208884,0.706393,1.6129007344020576
209,15474,-93.55152395841016,21,0,0,1,28.804719671085536,0.705994,0.9775275101973897
210,15524,-81.4027404425469,50,0,1,0,22.005328052042646,0.705044,1.2895349213480949
211,15548,-81.87800326288685,24,0,1,0,22.89295862509296,0.704588,1.4098864340533812
212,15604,-67.58839538914941,56,0,1,0,14.948154967112863,0.703524,0.9869830710813403
213,15641,-82.23289001965416,37,0,1,0,22.74540214347614,0.702821,1.331104469661777
214,15688,-71.94175175787105,47,0,1,0,17.349832872585058,0.7019280000000001,1.1503061048210936
215,15797,155.807598300899,109,1,0,0,1.925157983199561,0.699857,1.0759542229662247
216,15845,-71.93150592145206,48,0,1,0,17.319710093115564,0.6989449999999999,1.3976761441056926
217,15878,-84.89052722430351,33,0,1,0,24.174220745800824,0.698318,1.1650799156138392
218,15920,-85.98603846311661,42,0,1,0,24.496976503733922,0.6975199999999999,1.4894449223010313
219,15968,-72.48370660794811,48,0,1,0,17.595810995854496,0.6966080000000001,1.6951853522720437
220,15994,-80.95273231491096,26,0,1,0,22.38032326179775,0.696114,0.5483674353991563
221,16023,-83.12164248800357,29,0,1,0,23.389778517446384,0.6955629999999999,1.7217558601806904
222,16063,-84.04240951532297,40,0,1,0,23.57516203110609,0.6948030000000001,1.0694507237523794
223,16091,-83.44694992187017,28,0,1,0,23.57743209458415,0.6942710000000001,1.6209783405065536
224,16113,-84.51842253793785,22,0,1,0,24.263168402617996,0.693853,2.118915268304673
225,16142,-83.58248531913154,29,0,1,0,23.620200490334973,0.693302,0.8648508532807745
226,16198,-72.86233020631322,56,0,1,0,17.58512279503705,0.6922379999999999,1.7199286754642213
227,16282,-58.60685960781747,84,0,1,0,9.757387495789196,0.690642,1.9880986006132193
228,16338,-73.51478991387492,56,0,1,0,17.91135209058651,0.689578,1.3808631491182106
229,16363,-82.63346123457691,25,0,1,0,23.24568775093753,0.689103,1.7370236122608185
230,16420,-72.342844205061,57,0,1,0,17.300379236179555,0.68802,1.175908598591361
231,16453,-86.22680558989725,33,0,1,0,24.8423599285977,0.6873929999999999,1.2285858878132068
232,16483,-84.54579811178799,30,0,1,0,24.07685618954306,0.686823,1.0621937178075314
233,16516,-84.79957625733809,33,0,1,0,24.128745820549494,0.686196,1.3178644114823053
234,16604,-62.38760448785924,88,0,1,0,11.547759377578688,0.684524,1.3504390695386312
235,16650,-73.02657753679895,46,0,1,0,17.91724590204854,0.68365,1.5268310922319475
236,16728,-64.47978711649475,78,0,1,0,12.843850691896435,0.682168,1.2695478266821458
237,16752,-83.0333866716914,24,0,1,0,23.470650469494764,0.681712,1.476988712946574
238,16775,-84.83038743118031,23,0,1,0,24.394150849239224,0.6812750000000001,1.3439424314900585
239,16832,-73.67849712938717,57,0,1,0,17.968206256574025,0.680192,1.1351539959248744
240,16887,-69.87133166796474,55,0,1,0,16.114622967631423,0.6791470000000001,1.9524623319506644
241,16915,-80.58055093422863,28,0,1,0,22.144233158994766,0.678615,1.4591306538454123
242,16960,-86.48055661470049,45,0,1,0,24.66923544099931,0.67776,0.9987376875347561
243,17009,-72.24604670763961,49,0,1,0,17.451981045700247,0.676829,1.6855868791439095
244,17076,-76.72114728900168,67,0,1,0,19.239530778149895,0.675556,1.7580036353041877
245,17108,-84.58633395381342,32,0,1,0,24.047124110555778,0.674948,1.0730475231539458
246,17139,-85.06703726987814,31,0,1,0,24.312475768588133,0.674359,0.7516143586366407
247,17174,-81.72313225660689,35,0,1,0,22.540523231567818,0.673694,1.7497729570737908
248,17192,-83.14458386469299,18,0,1,0,23.676249065995563,0.6733520000000001,2.0300735467010074
249,17268,-73.60117185632109,76,0,1,0,17.4545430618096,0.671908,1.7950409199356248
250,17354,-67.68894985919832,86,0,1,0,14.248432063248213,0.670274,1.844388892787487
251,17504,41.56705161253865,150,0,0,0,8.02043132737976,0.667424,1.6572895320753256
252,17540,-83.05304592454124,36,0,1,0,23.18048065415107,0.66674,1.3340060481180747
253,17596,-69.3865641710557,56,0,1,0,15.847239219176904,0.6656759999999999,1.317867566964456
254,17628,-82.37333331560376,32,0,1,0,22.940623791450946,0.665068,1.444946160307154
255,17652,-83.10362536791233,24,0,1,0,23.505770514725363,0.664612,1.1337001736586292
256,17692,-74.1761821353856,40,0,1,0,18.64204806134233,0.6638520000000001,1.3715629128739237
257,17716,-83.2216505959367,24,0,1,0,23.564782917908335,0.663396,0.7462570983916521
258,17746,-84.75536252947319,30,0,1,0,24.181638538181197,0.662826,1.911060094833374
259,17801,-73.84342088910506,55,0,1,0,18.100667578201588,0.661781,1.506179346347397
260,17857,-71.79497648124138,56,0,1,0,17.051445374269743,0.660717,2.171617888180273
261,17903,-77.82202393699205,46,0,1,0,20.314969660376466,0.659843,1.6090187378551648
262,17941,-83.25544779932298,38,0,1,0,23.231681730430687,0.6591210000000001,1.1108149446939166
263,17979,-85.53298280677392,38,0,1,0,24.37044895606524,0.658399,1.51596472814287
264,18001,-83.4343081379439,22,0,1,0,23.721111621650234,0.6579809999999999,1.3986087156967684
265,18077,-72.08731309761517,76,0,1,0,16.697614240688022,0.656537,1.2812992137317594
266,18111,-86.23596214508133,34,0,1,0,24.821938206189724,0.655891,1.8584067637429518
267,18153,-73.02701568700739,42,0,1,0,18.017465674272888,0.655093,1.5508342763142926
268,18225,-63.26279734798945,72,0,1,0,12.385355807643789,0.653725,1.137083943415847
269,18259,-83.54868282984833,34,0,1,0,23.478298828114532,0.653079,1.708994601141004
270,18311,-73.95175884702338,52,0,1,0,18.22983711539214,0.652091,2.304921186170899
271,18324,-95.67763101753458,13,0,1,0,30.067773200647746,0.6518440000000001,1.5712521030352666
272,18363,-82.68588005128221,39,0,1,0,22.921897687159678,0.651103,1.6725678783960831
273,18383,-85.29594757561813,20,0,1,0,24.701931479689517,0.650723,0.7374016858637333
274,18460,-65.00381541428104,77,0,1,0,13.130865259818794,0.6492600000000001,1.4583815405895184
275,18506,-84.94453160001002,46,0,1,0,23.87622363077421,0.648386,1.793659751020048
276,18529,-81.07628723448676,23,0,1,0,22.517101169921663,0.647949,0.9384927665409835
277,18544,-95.26171080330148,15,0,1,0,29.80981323241995,0.647664,2.004916168252627
278,18558,-95.61722553157519,14,0,1,0,30.012570457668048,0.647398,1.349604410784585
279,18593,-83.5957418475086,35,0,1,0,23.476828614708392,0.646733,2.266635911166668
280,18636,-70.54255698745948,43,0,1,0,16.750236046408016,0.645916,1.2012406038336976
281,18713,-68.73414435506687,77,0,0,1,14.996030008302624,0.644453,1.5102564963427456
282,18745,-82.69346278063527,32,0,1,0,23.100689221086842,0.643845,1.9341171805281192
283,18770,-81.86687090218,25,0,1,0,22.86239314297045,0.64337,1.3403260549902916
284,18920,45.127910120557935,150,0,0,0,6.240002630675097,0.64052,1.662728502303362
285,18995,-74.67773749160041,75,0,1,0,18.01782657656939,0.639095,1.2207890724142392
286,19022,-83.46285486870431,27,0,1,0,23.61038526512136,0.638582,1.6675082555523626
287,19095,-73.51122371536232,73,0,1,0,17.484569688450343,0.637195,1.557297914607884
288,19147,-84.63605640808062,52,0,1,0,23.571985895920754,0.636207,1.742174425950417
289,19186,-85.3051182251547,39,0,1,0,24.231516802975648,0.6354660000000001,1.2990620684547303
290,19265,-64.13217570606264,79,0,1,0,12.645044986680379,0.6339650000000001,1.4780177445728568
291,19299,-85.06156606203736,34,0,1,0,24.234740861787877,0.633319,2.07523202238714
292,19333,-83.3340631917974,34,0,1,0,23.3709888693433,0.632673,1.8540212910841494
293,19430,-60.647750093163246,97,0,1,0,10.452832320026221,0.63083,1.2480701993882042
294,19472,-85.8636971515598,42,0,0,1,24.4358064065491,0.630032,1.393854038523776
295,19502,-84.09924401074663,30,0,1,0,23.853579139022383,0.629462,1.8035254418849944
296,19528,-84.51754080043641,26,0,1,0,24.16272809209866,0.628968,1.433346685881798
297,19601,-73.06471591592383,73,0,1,0,17.261315788731096,0.627581,1.9000247609737801
298,19646,-75.17583130065483,45,0,1,0,19.016873342207866,0.626726,1.602526428964403
299,19703,-75.26790622784614,57,0,0,1,18.76291080580351,0.625643,2.196919648662994
300,19775,-75.02259092917515,72,0,0,1,18.265253156468017,0.624275,1.8385796674216788
301,19797,-83.15252564821306,22,0,1,0,23.580220376784816,0.623857,1.7096078480509194
302,19818,-82.89711698853729,21,0,1,0,23.477516062405734,0.6234580000000001,1.555063166079067
303,19884,-74.15354429398103,66,0,1,0,17.980729766930487,0.622204,1.3406114947389474
304,19968,-63.63358108755913,84,0,1,0,12.27074823566,0.620608,1.565356020327835
305,20030,-74.32452949987587,62,0,1,0,18.16622220957293,0.6194299999999999,1.332394218613063
306,20067,-83.87624328694768,37,0,0,1,23.56707986915216,0.618727,1.336924975385537
307,20077,-95.64273410229337,10,0,1,0,30.12532494639022,0.618537,2.0103906214237215
308,20227,44.762907102794394,150,0,0,0,6.422504208225519,0.615687,1.4588153314590455
309,20256,-83.04926482987868,29,0,1,0,23.353589754671145,0.615136,1.4718695909812534
310,20406,50.97610490748166,150,0,0,0,3.315905653756355,0.6122860000000001,1.7037743777036667
311,20447,-76.4566576788316,41,0,1,0,19.7572865990385,0.611507,1.6760883291320103
312,20505,-73.79013797826258,58,0,1,0,17.99902688811883,0.610405,2.2029305862198614
313,20532,-83.13331280770413,27,0,1,0,23.445614023792054,0.609892,1.6099691766279716
314,20583,-73.7367341947942,51,0,1,0,18.14732504174258,0.608923,1.6937825862391322
315,20724,-47.18618733937037,141,0,1,0,2.6220511973610634,0.606244,1.719913861007555
316,20782,-73.75541293353454,58,0,1,0,17.981663899143527,0.6051420000000001,1.4112212100419506
317,20839,-86.10774801805118,57,0,1,0,24.18283200334529,0.604059,1.643549238119209
318,20950,155.59382048996792,111,1,0,0,1.9820471682064236,0.60195,1.733580186325419
319,20989,-86.38183436476439,39,0,0,1,24.769874759542603,0.6012090000000001,1.4727531547347705
320,21060,-63.382837123455175,71,0,1,0,12.470376599734719,0.5998600000000001,1.8559550342845246
321,21167,-63.7016316758213,107,0,1,0,11.729773390588937,0.597827,1.6895697455957672
322,21208,-84.31168424049483,41,0,1,0,23.684800640195398,0.597048,1.491731401623749
323,21284,-62.03500295879488,76,0,1,0,11.67145891177371,0.595604,2.2851569361396527
324,21292,-97.15903753604057,8,0,0,1,30.933476125407278,0.5954520000000001,2.2393848188221455
325,21318,-82.93116523557087,26,0,1,0,23.36954041686112,0.594958,2.4272230685903478
326,21394,-73.68211909449886,76,0,1,0,17.495017378018616,0.5935140000000001,1.5105450254325803
327,21439,-68.02915112295614,45,0,1,0,15.443533253358506,0.592659,1.2551612221532398
328,21471,-83.88649805466672,32,0,1,0,23.697206580011642,0.592051,2.0191632686182857
329,21507,-84.66591482622788,36,0,1,0,23.986914546763003,0.591367,1.6587187542269628
330,21529,-83.64992995123843,22,0,1,0,23.82892341065802,0.590949,2.140340643511577
331,21594,-67.67959230478716,65,0,1,0,14.768753844274029,0.5897140000000001,1.939994578407361
332,21614,-82.41616789340546,20,0,1,0,23.2620410803518,0.589334,1.7186597250401974
333,21701,-60.33403703498016,87,0,1,0,10.545975930680465,0.587681,1.8066696164936855
334,21755,-74.51235607822856,54,0,1,0,18.460136193006328,0.586655,1.995028044062632
335,21786,-84.0428796762721,31,0,1,0,23.8003978074532,0.586066,1.0794838179023034
336,21823,-73.3163466909043,37,0,1,0,18.287131176221347,0.5853630000000001,1.5153128573217907
337,21853,-83.3826206236237,30,0,1,0,23.495267973330424,0.584793,1.2013730108737946
338,21906,-73.15976033184432,53,0,1,0,17.808837640758373,0.583786,2.3761169949792467
339,21946,-72.76124422734672,40,0,1,0,17.93457994444256,0.583026,1.9777635419741273
340,22007,-73.87416396121728,61,0,1,0,17.966039672489078,0.581867,1.739908844721122
341,22157,52.72384601579149,150,0,0,0,2.4420348228734765,0.5790170000000001,1.8440972771743933
342,22192,-82.02895100158663,35,0,1,0,22.693433331562517,0.578352,1.3121309027075767
343,22222,-83.00506898958446,30,0,1,0,23.306491628441293,0.577782,2.0288859114050863
344,22273,-75.98338829305314,51,0,1,0,19.27065160012106,0.576813,1.8481158625845815
345,22290,-86.37099557577497,17,0,0,1,25.314455504425162,0.5764900000000001,1.4658310693853043
346,22311,-82.92525389512066,21,0,1,0,23.491584639440784,0.576091,1.4757031620967955
347,22346,-83.29931680972027,35,0,1,0,23.328615537609533,0.575426,1.5930163140807834
348,22385,-73.12903136248855,39,0,1,0,18.143473373124728,0.5746850000000001,1.862481000331732
349,22422,-81.80030676814005,37,0,0,1,22.52911096123043,0.573982,0.9946121839252678
350,22443,-84.51260918126147,21,0,1,0,24.285262210570725,0.5735830000000001,1.7651315664961225
351,22472,-84.0020306579685,29,0,1,0,23.829973088606952,0.573032,1.1449568564521855
352,22615,-51.58170994236582,143,0,0,1,4.769812801952127,0.570315,1.8425378906247498
353,22663,-64.40878159417201,48,0,1,0,13.558348374246412,0.5694030000000001,1.1245054905302823
354,22736,-60.29900274670637,73,0,1,0,10.878459342670345,0.5680160000000001,1.596897489097837
355,22792,-63.6257271530677,56,0,1,0,12.966821221780057,0.566952,1.7204572606299604
356,22820,-83.24906591371877,28,0,1,0,23.47849078557631,0.56642,2.47304625729365
357,22864,-72.28591603477946,44,0,1,0,17.596916537337712,0.565584,1.3659123373641209
358,22968,-46.107338349620925,104,0,1,0,3.0076270055796748,0.5636080000000001,2.4351286514160724
359,23009,-72.94242149370447,41,0,1,0,18.000168716169387,0.562829,2.243196941003567
360,23017,-95.66116208077487,8,0,1,0,30.184538732267896,0.562677,1.7219201643019915
361,23069,-72.76747257342925,52,0,1,0,17.637694117483818,0.561689,2.3507201405098805
362,23099,-83.56792045382284,30,0,1,0,23.587917499449585,0.561119,1.7342041755716007
363,23249,49.1205919450722,150,0,0,0,4.2436619967810465,0.558269,1.7793755988279978
364,23269,-82.40250083662688,20,0,1,0,23.255208317300983,0.5578890000000001,1.5235316146165132
365,23276,-98.97025478927443,7,0,0,1,31.86408471418584,0.557756,1.222486925976617
366,23364,-64.44848271356273,88,0,1,0,12.57819946427855,0.556084,1.874476884407076
367,23409,-69.77387410259254,45,0,1,0,16.315894645962814,0.555229,2.446097421314981
368,23429,-81.17997467436402,20,0,1,0,22.643945028136095,0.554849,1.6417466498911382
369,23473,-73.65661337232176,44,0,1,0,18.282264773428686,0.5540130000000001,1.8796760458499193
370,23553,-65.50892898288575,80,0,1,0,13.308422438415498,0.5524930000000001,1.8957787746563555
371,23668,-57.230528848787344,115,0,0,1,8.294222001554093,0.550308,2.115829191778017
372,23731,-59.290653028727704,63,0,1,0,10.624283825009616,0.549111,2.218140880266825
373,23816,-60.72157848687784,85,0,1,0,10.789746935319375,0.547496,2.0688584225142703
374,23865,-73.23053249081002,49,0,1,0,17.944223937285454,0.546565,1.530988222482253
375,23920,-73.6235907428919,55,0,1,0,17.990753597885238,0.54552,1.384712811220776
376,23976,-73.60115733976319,56,0,1,0,17.954536429504287,0.544456,2.187871708534658
377,24027,-66.20662712646788,51,0,1,0,14.382271432288913,0.543487,2.1763872083495643
378,24083,-63.01036561636755,56,0,1,0,12.659140335859663,0.5424230000000001,1.7920682526060514
379,24142,-69.43880308443049,59,0,1,0,15.798359372984441,0.541302,1.348935207573034
380,24192,-70.4695886874677,50,0,1,0,16.538752313051003,0.540352,1.980385640859604
381,24271,-58.27873427310107,79,0,1,0,9.718324967319747,0.538851,2.303130498981174
382,24361,-54.79919197854039,90,0,1,0,7.703553681150647,0.5371410000000001,1.789609587358104
383,24382,-79.57103503867354,21,0,1,0,21.814475350105976,0.536742,2.409653208085469
384,24431,-71.3650605303874,49,0,0,1,17.011487842354097,0.535811,1.9135691298513997
385,24496,-69.90828770600021,65,0,1,0,15.883101544880539,0.5345759999999999,2.081395849585533
386,24558,-74.24293136862813,62,0,1,0,18.125423376194508,0.533398,2.0165739299789553
387,24596,-69.91786065961524,38,0,1,0,16.56288778340211,0.5326759999999999,2.062725012631793
388,24619,-85.27456039839537,23,0,1,0,24.61623789015177,0.532239,1.4285715326018955
389,24660,-61.644618034157574,41,0,1,0,12.35126680218807,0.53146,2.2914783583908545
390,24763,-56.05055958578837,103,0,1,0,8.004237483477755,0.5295030000000001,2.1082732130601567
391,24813,-73.35589936026935,50,0,1,0,17.981907300074656,0.528553,2.6017327496409415
392,24840,-84.12270817421413,27,0,1,0,23.940312540215945,0.5280400000000001,1.8189573069965397
393,24897,-73.98923254270277,57,0,1,0,18.12357396323182,0.526957,2.245196279987954
394,24959,-66.70548775346903,62,0,0,1,14.356702032901655,0.525779,1.7907256810895857
395,25014,-63.6545675441905,55,0,1,0,13.006241136767509,0.524734,1.8935248828747056
396,25083,-72.98466175659281,69,0,1,0,17.32128857017684,0.523423,1.6040710383567258
397,25140,-73.259893999086,57,0,1,0,17.758904594209536,0.52234,1.9190230210099304
398,25196,-73.67915775217458,56,0,1,0,17.993536473888163,0.5212760000000001,1.6109700184315443
399,25253,-67.71053336048993,57,0,0,1,14.984224511014164,0.5201930000000001,2.2199385091662407
400,25308,-69.76478038879097,55,0,0,1,16.061347839641677,0.5191479999999999,2.0050010001117533
401,25400,-63.683698778147274,92,0,1,0,12.09580670135431,0.5174000000000001,1.9274636247883672
402,25456,-68.0897512289324,56,0,1,0,15.19883274811526,0.516336,2.167691237692322
403,25475,-83.20371732863869,19,0,1,0,23.68081635249462,0.5159750000000001,1.1138685204480823
404,25528,-75.65587512239317,53,0,1,0,19.056895786874904,0.5149680000000001,1.9723058413222152
405,25580,-74.21510144078903,52,0,0,1,18.36150841227495,0.51398,1.9109379846889238
406,25649,-64.71177023331016,69,0,1,0,13.184842855652088,0.512669,1.7574261588894802
407,25670,-82.87797394370988,21,0,1,0,23.46794480262414,0.51227,1.2627172771663893
408,25712,-84.56874296461721,42,0,1,0,23.788329430031908,0.5114719999999999,1.5498676112010366
409,25768,-70.48867458807203,56,0,1,0,16.398295218688833,0.510408,2.1567305448864187
410,25832,-69.26520866425845,64,0,1,0,15.58656234922245,0.5091920000000001,2.250774047104642
411,25979,-47.486073732080214,147,0,1,0,2.6219946968093244,0.506399,1.930854020881004
412,26005,-81.89020716895703,26,0,1,0,22.849061276358967,0.505905,2.064307717749706
413,26067,-64.01204759968219,62,0,1,0,13.009981491721538,0.5047269999999999,1.9438697513072722
414,26217,38.43631389049365,150,0,0,0,9.585801071846413,0.501877,2.004442485074202
415,26316,-52.343377657278616,99,0,1,0,6.250646659408527,0.499996,1.7376767038696943
416,26391,-62.49714290891431,75,0,1,0,11.927529285226361,0.4985710000000001,2.339651873310407
417,26460,-60.78213383251795,69,0,1,0,11.220025161541358,0.49726000000000004,2.2638697073511453
418,26481,-82.75233603037887,21,0,1,0,23.405125774812138,0.496861,1.0930468915473848
419,26526,-76.56756425111621,45,0,1,0,19.712739955021284,0.49600600000000006,2.0043939924902388
420,26551,-83.05212942004782,25,0,1,0,23.455022679341063,0.49553099999999994,1.8954579937458038
421,26601,-73.49430029000118,50,0,1,0,18.05110783558414,0.49458099999999994,2.285537173449993
422,26666,-77.82288748343544,65,0,1,0,19.84040157248691,0.49334600000000006,1.762498146066299
423,26760,-63.46271801081126,94,0,1,0,11.93531690439318,0.49156,2.403487977670862
424,26840,-47.73602838369496,80,0,1,0,4.4219720908350215,0.4900399999999999,2.54513745456934
425,26927,-53.95647154645545,87,0,1,0,7.357193465108178,0.488387,1.8415260811646779
426,26963,-71.15638523125558,36,0,1,0,17.232150167018396,0.4877030000000001,2.0070673819217415
427,27060,-55.42195504917958,97,0,1,0,7.839935355359015,0.48585999999999996,1.6703850668422955
428,27084,-80.61158758547673,24,0,1,0,22.259751552361067,0.48540399999999995,1.9315802517036598
429,27234,49.19307714809512,150,0,0,0,4.2074191178328935,0.4825539999999999,1.656192886630694
430,27328,-52.42695283772001,94,0,1,0,6.417434178482713,0.480768,1.7775010476087003
431,27383,-73.7246093080135,55,0,1,0,18.04126241362944,0.479723,1.7954381479458374
432,27442,-73.0949956344071,59,0,1,0,17.62645557682624,0.4786020000000001,2.0625072258003687
433,27489,-73.36543185382801,47,0,1,0,18.06167354685399,0.47770899999999994,2.605148469196989
434,27531,-72.58609940283077,42,0,1,0,17.79700746103808,0.476911,1.7506907298451377
435,27621,-44.78377103309997,90,0,1,0,2.6958432761726816,0.475201,2.255831203526921
436,27735,-46.76372049652565,114,0,1,0,3.085818007885524,0.4730350000000001,1.7073404251091313
437,27790,-73.41896857182016,55,0,1,0,17.888442045532774,0.47199,1.8029947367581454
438,27814,-82.84553445562747,24,0,1,0,23.376724919694187,0.471534,2.6371282090743384
439,27843,-78.6595742890252,29,0,1,0,21.1587449041353,0.47098300000000004,1.6841370910406113
440,27932,-47.60227615567883,89,0,1,0,4.130096115846544,0.46929200000000004,2.12386625971687
441,27968,-75.6270358286711,36,0,1,0,19.467475673958248,0.468608,1.6215536205304995
442,28016,-63.489743407946115,48,0,1,0,13.098829463595763,0.467696,2.0646323120842376
443,28114,-45.6634872803308,98,0,1,0,2.935701260105398,0.46583399999999997,1.9194309643032599
444,28177,-64.01593629231894,63,0,1,0,12.986925836372503,0.46463699999999997,1.7911637564973226
445,28247,-59.23465970325354,70,0,1,0,10.421287611249468,0.463307,2.437525040762765
446,28297,-73.08018486138582,50,0,1,0,17.844050050632884,0.462357,2.1767554458975793
447,28338,-71.61825139718486,41,0,1,0,17.33808352936163,0.46157799999999993,1.7345978072503718
448,28404,-74.16931269080541,66,0,1,0,17.988613965342683,0.46032399999999996,2.5303561917760153
449,28554,41.087127662002004,150,0,0,0,8.260393786723952,0.45747400000000005,2.5630533028642337
450,28571,-83.56208655090222,17,0,1,0,23.91000087417396,0.457151,2.736109013943111
451,28598,-83.27608907425547,27,0,1,0,23.517002693294884,0.456638,1.9098249784222356
452,28682,-64.52711473552594,84,0,1,0,12.71751533708012,0.45504199999999995,2.0707145984328927
453,28699,-82.65264228999287,17,0,1,0,23.455278903503682,0.454719,1.489798993748777
454,28776,-64.71094070017284,77,0,1,0,12.984428552948406,0.453256,1.8325172513723373
455,28800,-82.73961044461132,24,0,1,0,23.323763216625366,0.4528000000000001,2.3976705142607293
456,28828,-83.84158016844195,28,0,1,0,23.774747776101428,0.4522680000000001,2.377567621214049
457,28875,-73.14826633234935,47,0,1,0,17.95309134263919,0.45137499999999997,2.325882967799268
458,28962,-65.583946704472,87,0,1,0,13.17093129995929,0.44972200000000007,2.061610972059184
459,29001,-77.85893761007375,39,0,1,0,20.50842648839644,0.4489810000000001,2.6465482941040626
460,29042,-72.71863443000147,41,0,1,0,17.888275320984743,0.448202,2.1376667516987498
461,29059,-82.60964460156549,17,0,1,0,23.433780270099902,0.447879,1.9418076785171734
462,29130,-53.51150126106788,71,0,1,0,7.534708243645021,0.44653,1.866263379093627
463,29236,-44.57511924907718,106,0,1,0,2.191518054774136,0.444516,2.4662375344701535
464,29261,-81.84699560715248,25,0,1,0,22.85245533125213,0.444041,1.1830161392688752
465,29351,-56.38671325992567,90,0,1,0,8.49731448294752,0.44233100000000003,2.030506556067202
466,29369,-82.6846944620264,18,0,1,0,23.446305194882775,0.44198899999999997,1.7377778208918042
467,29398,-76.99427037792191,29,0,1,0,20.326093044560864,0.441438,2.4974634477804445
468,29465,-61.65924808623612,67,0,1,0,11.708582177303159,0.44016500000000003,2.528550545226282
469,29513,-68.06008955051057,48,0,1,0,15.384002630855187,0.439253,2.5521079127987227
470,29548,-72.32731746597325,35,0,1,0,17.84261714152497,0.438588,1.828246044261115
471,29597,-62.96617719926247,49,0,1,0,12.812046733816329,0.43765699999999996,2.356600360906854
472,29643,-71.7747242789152,46,0,1,0,17.29132086722217,0.4367829999999999,1.98282808713291
473,29745,-54.47058158514699,102,0,1,0,7.239248345251799,0.43484500000000004,2.353960910410273
474,29895,27.14949780952663,150,0,0,0,15.229209202733879,0.431995,1.687216577231884
475,29918,-82.90168585874282,23,0,1,0,23.42980076014062,0.431558,1.845350746875224
476,29954,-76.74403995135731,36,0,1,0,20.025977594511087,0.4308740000000001,1.7081740018394258
477,30001,-68.60952453564308,47,0,1,0,15.683720306017177,0.42998100000000006,2.174553016081769
478,30067,-66.51583137910494,66,0,1,0,14.161873474661745,0.4287270000000001,1.885380856692791
479,30217,42.88131481658599,150,0,0,0,7.363300561024147,0.42587700000000006,2.330521816412608
480,30332,-48.225310594606,115,0,1,0,3.7916130569256987,0.42369200000000007,2.1765759534162026
481,30399,-71.15854190907277,67,0,1,0,16.458228526908368,0.4224190000000001,2.057709356964524
482,30472,-66.56801623593728,73,0,1,0,14.012965809849087,0.4210320000000001,1.725439534611898
483,30530,-74.75664615869584,58,0,1,0,18.48228097496581,0.41993,1.884055998047878
484,30574,-73.8963999603314,44,0,1,0,18.40215731898789,0.41909399999999997,1.9516698501326821
485,30642,-62.09659386836462,68,0,1,0,11.902254803237286,0.417802,2.2774725326282135
486,30718,-64.64756198597371,76,0,1,0,12.97773838007881,0.416358,2.6140271070364274
487,30739,-82.9426161412274,21,0,1,0,23.500266039930853,0.4159590000000001,2.710515563686689
488,30780,-75.60827599195038,41,0,1,0,19.333097078584526,0.41518,1.3261190907257359
489,30802,-81.62600178862746,22,0,1,0,22.816958932320855,0.41476199999999996,2.5528047491203654
490,30912,-61.03378806471597,110,0,1,0,10.320851791980681,0.41267200000000004,1.88469236953692
491,30992,-64.60681754094796,80,0,1,0,12.857366530096671,0.4111520000000001,2.082032914459705
492,31059,-58.581878780603944,67,0,1,0,10.169897082182421,0.4098790000000001,2.985336224757024
493,31128,-54.68604937609103,69,0,1,0,8.171982379925968,0.40856800000000004,2.1750821255255435
494,31177,-73.14820116524712,49,0,1,0,17.903058407423057,0.407637,2.0884507271100063
495,31204,-77.15131402934699,27,0,1,0,20.45461440176546,0.40712400000000004,2.022598750061459
496,31245,-84.61870340835509,41,0,1,0,23.83830953494674,0.40634500000000007,1.686107658758396
497,31314,-54.82850336927215,69,0,1,0,8.243210072266416,0.4050340000000001,2.1504070519105247
498,31337,-87.15960348255139,23,0,0,1,25.55875912836766,0.4045970000000001,2.3923746742632077
499,31404,-58.33373555153711,67,0,1,0,10.045826021050944,0.403324,2.4054281220062457
500,31487,-55.816830746674626,83,0,1,0,8.38737287842855,0.4017470000000001,1.9556717109608364
501,31530,-68.5748382764385,43,0,1,0,15.766377245716413,0.40093,2.465884818587192
502,31622,-48.92140807698601,92,0,1,0,4.714661937480564,0.39918200000000004,2.348106456677551
503,31681,-73.5477879889064,59,0,1,0,17.852852101950365,0.3980610000000001,2.2245931658199276
504,31750,-67.70793571971831,69,0,1,0,14.6829270484227,0.39675000000000005,2.737667121748993
505,31798,-70.48329998116131,48,0,1,0,16.595608510528635,0.395838,1.8791512722770374
506,31825,-78.27015488225348,27,0,1,0,21.01403547404473,0.39532500000000004,1.6914035418519267
507,31899,-60.12672444616547,74,0,1,0,10.767320309594696,0.393919,2.303829022355982
508,31962,-56.79943174810786,63,0,1,0,9.378673890205615,0.392722,1.9957804041249412
509,32059,-50.4851549916523,97,0,1,0,5.371536137273993,0.3908790000000001,2.332087611107482
510,32137,-57.85183473224218,78,0,1,0,9.529875151230385,0.3893970000000001,2.0168385977546373
511,32202,-63.84110798898918,65,0,1,0,12.849512310543197,0.3881620000000001,1.8419120183357827
512,32281,-56.77521226123899,79,0,1,0,8.966564448578872,0.38666100000000003,2.0082301306950896
513,32315,-83.47873872958989,34,0,1,0,23.443327612172062,0.386015,1.7348055690526962
514,32404,-46.18054701522237,89,0,1,0,3.4192312466081978,0.384324,2.4233619058400055
515,32442,-77.05345070095024,38,0,1,0,20.130683042355564,0.3836020000000001,1.6169251403526257
516,32555,-54.76418174086237,113,0,1,0,7.111049350096427,0.381455,2.0425040133758983
517,32644,-56.03595523947079,89,0,1,0,8.346935585295435,0.379764,2.005418000428864
518,32693,-65.75030214520596,49,0,1,0,14.204109041920137,0.3788330000000001,1.9197784303402414
519,32732,-76.11802293826729,39,0,1,0,19.63796950732928,0.378092,2.408209266570898
520,32814,-56.27017249986064,82,0,1,0,8.639044846412661,0.37653400000000004,2.5393690312417543
521,32897,-56.43156005384621,83,0,1,0,8.694738134420286,0.3749570000000001,1.5692463890615715
522,32972,-57.21773913895661,75,0,1,0,9.287827392039633,0.373532,2.2909407905737558
523,33067,156.4778059992358,95,1,0,0,1.9400560009925905,0.37172700000000003,2.2790202451379677
524,33165,156.6080135609956,98,1,0,0,1.7999508394421837,0.369865,2.565355882960923
525,33202,-76.53397915786908,37,0,1,0,19.89594803454369,0.3691620000000001,1.5977204546735093
526,33246,-74.68526870387153,44,0,1,0,18.796592667411176,0.36832600000000004,2.4665820944038304
527,33316,-57.79929227811591,70,0,1,0,9.703604245987693,0.366996,1.7011398768850736
528,33337,-82.98442770371298,21,0,1,0,23.521172635403758,0.36659700000000006,2.6281708081563315
529,33405,-56.143500846354144,68,0,1,0,8.925708172205512,0.365305,1.8196029362871367
530,33555,25.791937193175656,150,0,0,0,15.907988789227538,0.36245499999999997,2.3952779252827168
531,33587,-74.6790805332295,32,0,1,0,19.093498374111917,0.36184700000000003,2.926957524381578
532,33669,-57.666065841908164,82,0,1,0,9.336992131007124,0.3602890000000001,2.538113848101802
533,33690,-83.17363715903917,21,0,1,0,23.615776410288788,0.35989000000000004,3.3472956731205894
534,33840,17.111394282775443,150,0,0,0,20.24826033344851,0.35704,2.267853050430616
535,33918,-44.65830489887894,78,0,1,0,2.9331107435267514,0.35555800000000004,2.0481334836819234
536,33966,-67.162112755216,48,0,0,1,14.935014255825074,0.354646,2.202959386010965
537,34024,-65.13839672622056,58,0,1,0,13.673157091264445,0.3535440000000001,2.528490831368956
538,34046,-83.33797807570045,22,0,1,0,23.672946470226496,0.35312600000000005,2.2558540227738293
539,34163,-47.56945995180146,117,0,1,0,3.413688222135276,0.3509030000000001,2.046749499745858
540,34250,-45.260320583648515,87,0,1,0,3.009118606917556,0.34924999999999995,2.5892744747729135
541,34271,-82.63997750398593,21,0,1,0,23.348946419987268,0.348851,2.154476067849568
542,34318,-75.13021533500842,47,0,1,0,18.944065565368465,0.3479580000000001,1.5360989434287904
543,34341,-79.4188076352088,23,0,1,0,21.688362091278837,0.3475210000000001,2.581393372753392
544,34383,-62.74180008570267,42,0,1,0,12.874857731026607,0.346723,1.742344571011407
545,34418,-73.20983524730508,35,0,1,0,18.283875176330827,0.3460580000000001,1.7318203219345638
546,34511,-52.643326929702,93,0,1,0,6.550621295620215,0.3442910000000001,2.3142653835076157
547,34546,-71.43192140686334,35,0,1,0,17.39491853420087,0.3436260000000001,2.0099691310099193
548,34635,-48.56223048826623,89,0,1,0,4.610073351630314,0.3419350000000001,2.127360479048129
549,34755,155.84431527041983,120,1,0,0,1.6318011921270388,0.33965499999999993,1.6931474373986324
550,34779,-82.61504893809885,24,0,0,1,23.261482254158715,0.33919900000000003,1.5565414944042761
551,34867,-46.993305352545526,88,0,1,0,3.8506112936756356,0.337527,1.7230253786864607
552,34905,-67.49010390632002,38,0,1,0,15.349009712782705,0.336805,1.9575535819718712
553,34948,-67.73011050164698,43,0,1,0,15.344012870763468,0.33598799999999995,2.010334791832192
554,35035,-57.64497829888758,87,0,1,0,9.201446909066506,0.33433500000000005,2.349187732941803
555,35072,-67.55107519577258,37,0,1,0,15.404495125562173,0.33363200000000004,1.9281394940775793
556,35103,-80.67709797018787,31,0,1,0,22.117506813437732,0.333043,1.8899395244736825
557,35150,-77.24929834884762,47,0,1,0,20.003607233932453,0.33215000000000006,1.6702800764048353
558,35198,-77.96331010092446,48,0,1,0,20.335612670402217,0.33123800000000003,2.237789475979904
559,35227,-81.50228220587145,29,0,1,0,22.580099420895106,0.33068699999999995,2.5094537180045555
560,35271,-76.59628959549615,44,0,1,0,19.75210330053283,0.329851,2.542674484578046
561,35346,-60.43072692930336,75,0,1,0,10.894321806127845,0.328426,1.8744581959644953
562,35382,-79.57514074607786,36,0,1,0,21.441528272026467,0.327742,2.4210614934563637
563,35521,-58.329359679310514,139,0,1,0,8.243637621227952,0.325101,2.452656590466877
564,35616,-59.56960576200902,95,0,1,0,9.963760500944499,0.32329600000000003,1.636883237330537
565,35719,-70.53736496201459,103,0,1,0,15.247640519014391,0.32133900000000004,2.825417817796318
566,35829,-66.51572399115557,110,0,1,0,13.061820310671067,0.319249,1.8925578479062428
567,35884,-80.13826695129818,55,0,1,0,21.24809192875796,0.31820400000000004,1.5311354542320426
568,35950,-81.36149333955086,66,0,1,0,21.5847042897154,0.31695000000000007,2.0590312736052456
569,36029,-74.44904994918264,79,0,1,0,17.803482941841956,0.315449,2.53010029524942
570,36064,-72.50527647110954,35,0,1,0,17.931596134542303,0.31478399999999995,1.9292276522942953
571,36142,-45.68661080936972,78,0,1,0,3.4472641324494337,0.31330199999999997,1.9776124333341916
572,36261,155.40656191890082,119,1,0,0,1.875678277493134,0.311041,2.209324236176595
573,36366,156.0243516543444,105,1,0,0,1.9167829721996363,0.30904600000000004,1.6328812197560356
574,36405,-66.79866518948823,39,0,1,0,14.978290909837408,0.30830500000000005,1.8593581593953645
575,36493,-65.60029042021692,88,0,1,0,13.154104073089018,0.30663300000000004,1.874044514853846
576,36582,-52.97358744400132,89,0,1,0,6.815751809268472,0.30494200000000005,2.3839596838093877
577,36608,-76.49468878049521,26,0,1,0,20.151302314900434,0.30444800000000005,1.9305431189445348
578,36632,-75.91609858244793,24,0,1,0,19.91200760517093,0.30399200000000004,2.020191711063186
579,36668,-70.71757299108226,36,0,1,0,17.012744810634416,0.303308,3.1590170794063144
580,36711,-61.95597174887664,43,0,1,0,12.456943912633973,0.30249100000000007,2.8992022431867066
581,36802,-51.34927938064689,91,0,1,0,5.953598005416732,0.300762,1.9478452446369023
582,36892,-48.264976315534796,90,0,1,0,4.436446748442087,0.299052,2.431391145951218
583,36984,-50.44961889462122,92,0,1,0,5.478767346298159,0.297304,2.336662765916275
584,37003,-82.7217321547396,19,0,1,0,23.43982453047869,0.29694299999999996,1.9038354307413101
585,37026,-81.26702193935083,23,0,1,0,22.612469383012105,0.29650600000000005,2.4847020312495856
586,37100,-55.34490049733953,74,0,1,0,8.376408680634343,0.29510000000000003,2.387546154292854
587,37209,-46.18162161881788,109,0,1,0,2.919768777598887,0.2930290000000001,2.4183154784211327
588,37230,-83.30512061465558,21,0,1,0,23.681518898002484,0.29262999999999995,2.227534871725809
589,37295,-65.31093158550942,65,0,1,0,13.584424019193998,0.29139500000000007,1.6988365865670718
590,37352,-48.49155327123934,57,0,1,0,5.374735226294368,0.290312,2.162998949488004
591,37444,-45.946525629231644,92,0,1,0,3.227220387908584,0.28856400000000004,1.6774347766262034
592,37467,-81.46374967042878,23,0,1,0,22.71083231518145,0.288127,1.723429357228072
593,37496,-72.27721082494234,29,0,1,0,17.967563519400898,0.28757600000000005,2.575462146051999
594,37560,-62.466719945205426,64,0,1,0,12.187318589036582,0.28636000000000006,2.324310219148174
595,37589,-78.71200038591283,29,0,1,0,21.18495811535988,0.285809,1.5307784707381809
596,37617,-79.23688822689628,28,0,1,0,21.472402012435687,0.285277,1.6306654140353203
597,37679,-56.98863367514076,62,0,1,0,9.498275155529761,0.284099,1.8526739134423194
598,37775,-53.180311268982656,96,0,1,0,6.744114324109694,0.28227500000000005,2.5626074097429714
599,37827,-59.77857630852326,52,0,1,0,11.143246261947962,0.28128700000000006,1.9446903329629164
600,37855,-81.49342714298321,28,0,1,0,22.60067221623803,0.2807550000000001,2.071374373244388
601,37920,-58.282564757236464,65,0,1,0,10.07024016372753,0.2795200000000001,1.5047896199501478
602,38017,-50.279318335576704,97,0,1,0,5.268616621382836,0.27767700000000006,1.803663033339166
603,38093,157.7466518554411,76,1,0,0,1.7806323885191302,0.27623300000000006,2.4199829550558016
604,38144,-72.04374743115426,51,0,1,0,17.300832239962787,0.27526400000000006,2.2664930040345475
605,38206,-60.24743368872339,62,0,1,0,11.127674324328742,0.27408600000000005,2.558603832317937
606,38242,-62.65437798969581,36,0,1,0,12.98114783784526,0.27340200000000003,3.380306424366103
607,38288,-62.23982648130144,46,0,1,0,12.5238721772552,0.272528,2.19501074857038
608,38356,-52.485990193814885,68,0,1,0,7.09695352887203,0.27123600000000003,2.534721276558497
609,38422,-44.47136737264825,66,0,1,0,3.1396421898799844,0.26998200000000006,2.010245148656946
610,38452,-78.62369503892747,30,0,1,0,21.115805322824407,0.2694120000000001,1.9233341226975122
611,38519,-45.637157000842635,67,0,1,0,3.6975368155146167,0.2681390000000001,1.9625016733336804
612,38568,-64.88607894051039,49,0,1,0,13.77199706971564,0.267208,2.043744090564397
613,38597,-72.33226598482764,29,0,1,0,17.995091099343547,0.26665700000000003,2.2027198065971505
614,38670,-51.840278608220714,73,0,1,0,6.649098168463008,0.26527,3.1154541730472487
615,38727,-61.02791166914591,57,0,1,0,11.642913733560498,0.26418700000000006,2.442374683785857
616,38877,37.81697099784183,150,0,0,0,9.895472866289964,0.26133700000000004,1.9537119112412136
617,38934,-52.71646529043591,57,0,0,1,7.487190871657273,0.260254,2.0458170248751055
618,38963,-76.77263445296981,29,0,1,0,20.21527484642489,0.25970300000000013,1.9543574514060185
619,38989,-76.50023493066044,26,0,1,0,20.154075641984537,0.259209,2.568145816715864
620,39007,-82.6033813036918,18,0,1,0,23.405648411468604,0.25886700000000007,2.089351996779442
621,39037,-74.4202610108925,30,0,1,0,19.014088958555135,0.258297,2.2697344054778417
622,39137,156.65503294412085,100,1,0,0,1.7264411731857794,0.2563970000000001,2.506806384623051
623,39195,-66.19841888003137,58,0,1,0,14.203168304368322,0.25529500000000005,2.61368610530064
624,39306,-46.558075623753936,111,0,1,0,3.0579965907376945,0.253186,2.1318608129078203
625,39418,-46.47237767541842,112,0,1,0,2.9901467088206344,0.2510580000000001,2.372380925874625
626,39449,-78.31115171200695,31,0,1,0,20.934533840920103,0.25046900000000005,1.6453177332878113
627,39481,-76.63428567449776,32,0,1,0,20.07110078497218,0.249861,2.0585077852010727
628,39542,-59.51344792096117,61,0,1,0,10.785682413589475,0.2487020000000001,2.3955334581312586
629,39607,-62.06850318511115,65,0,1,0,11.963208954859812,0.2474670000000001,2.5915804819418833
630,39668,-68.05005042005828,61,0,1,0,15.053983525122431,0.24630800000000008,2.1885554949279693
631,39751,-51.91881876456167,83,0,1,0,6.438368309251171,0.24473100000000003,2.090382602200451
632,39833,-59.139311530065974,82,0,1,0,10.073613749949619,0.24317299999999997,2.11763317555916
633,39872,-71.16325745427466,39,0,1,0,17.16058618677233,0.24243199999999998,2.0774685686979537
634,39919,-74.91963305454941,47,0,1,0,18.838774842750112,0.24153900000000006,2.0883284160431397
635,39943,-80.14472075190162,24,0,1,0,22.02631780832708,0.24108300000000005,1.9863832835108042
636,39996,-72.6757110245419,53,0,1,0,17.566813576120374,0.24007600000000007,2.045251356543235
637,40044,-72.19068242613986,48,0,1,0,17.44929892701065,0.23916400000000004,1.9784605453411739
638,40113,-51.46487103969891,69,0,1,0,6.561392884521722,0.2378530000000001,2.0114296121873716
639,40263,48.16433835948927,150,0,0,0,4.721789204818386,0.23500300000000007,2.0584003998835882
640,40338,-48.388612884746465,75,0,1,0,4.873264922038484,0.23357799999999995,2.7665873620907466
641,40377,-69.39042266107694,39,0,1,0,16.27417005869263,0.23283699999999996,2.229400335214077
642,40413,-70.74842132866794,36,0,1,0,17.028169117442854,0.23215300000000005,2.022229781581296
643,40438,-81.89600519272486,25,0,1,0,22.87696082280173,0.23167800000000005,3.280582294464111
644,40457,-81.17093453323082,19,0,1,0,22.66442623135981,0.2313170000000001,2.371327221393585
645,40478,-84.30866087615031,21,0,1,0,24.18328836272799,0.23091800000000007,2.3707120773338137
646,40543,-42.578306196891965,65,0,1,0,2.2181119620145853,0.22968299999999997,1.8342602353829605
647,40584,-75.80434937990155,41,0,1,0,19.431133747830014,0.2289040000000001,1.6636546435879498
648,40604,-83.14652769547305,20,0,1,0,23.627222003524473,0.22852400000000006,2.1946408368647097
649,40680,-43.617715149746644,76,0,1,0,2.462816287059921,0.22708000000000006,1.9958637739090543
650,40716,-76.85621812257912,36,0,1,0,20.082067053164053,0.22639600000000004,2.579765974647469
651,40768,-60.336648688025576,52,0,1,0,11.422283208953486,0.22540800000000005,2.3865836669619265
652,40831,-62.838735410195184,63,0,1,0,12.398325560697495,0.22421100000000005,2.122709205462819
653,40855,-82.04935121125223,24,0,1,0,22.978634058735,0.22375500000000004,2.0222524323811135
654,40898,-66.99727460522877,43,0,1,0,14.977595201601922,0.22293799999999997,2.5947698687398155
655,40967,-53.690326040199345,69,0,1,0,7.674121107367488,0.22162700000000013,2.212539871533712
656,41034,-49.39592245552083,67,0,1,0,5.576919551070892,0.22035400000000005,2.193398406923707
657,41107,-44.83381577516479,73,0,1,0,3.145866624309373,0.21896700000000002,1.6332407803976372
658,41159,-60.63681655625584,52,0,1,0,11.572366316135053,0.21797900000000003,2.327275634958194
659,41212,-58.33792354677898,53,0,1,0,10.397919809134626,0.21697200000000005,2.138641600338918
660,41286,-44.94593557547668,74,0,1,0,3.176925712391171,0.21556600000000004,2.3707675150520093
661,41320,-75.0150157748908,34,0,1,0,19.211465950351112,0.21492,2.2568049790228115
662,41366,-73.68939433408012,46,0,1,0,18.248655369902053,0.21404599999999996,3.170768463741178
663,41418,-59.55854086389588,52,0,1,0,11.033228051887933,0.21305800000000008,2.1772811100460014
664,41446,-75.00334362986096,28,0,1,0,19.355629949115574,0.212526,1.408621181334768
665,41479,-68.20848252636948,33,0,1,0,15.833199439839051,0.21189900000000006,2.0709849776643696
666,41535,-51.61404616032441,56,0,1,0,6.960981283024209,0.210835,2.781703078321048
667,41574,-69.79729610447512,39,0,1,0,16.477606037154192,0.210094,2.3455600104270835
668,41626,-68.27993096236938,52,0,1,0,15.393923428907994,0.20910600000000001,2.453327726286191
669,41670,-63.06085533743091,44,0,1,0,12.984385584747097,0.20826999999999996,1.5798987549814312
670,41712,-73.50652331468092,42,0,1,0,18.25721997243375,0.2074720000000001,2.04866922611282
671,41761,-67.40275123207982,49,0,1,0,15.030335555090094,0.20654100000000009,2.0502451904574217
672,41843,-51.122754004776986,82,0,1,0,6.065335730153076,0.20498300000000003,2.1178805897148645
673,41909,-47.28371188346237,66,0,1,0,4.545813518891599,0.20372900000000005,2.219959072994463
674,41981,-44.42418400405066,72,0,1,0,2.966050064931026,0.202361,2.054541293738617
675,42066,157.01035830136792,85,1,0,0,1.9237797920177573,0.2007460000000001,1.866067762760555
676,42142,-45.513897291882955,76,0,1,0,3.410906663034716,0.19930199999999998,2.4703897310322835
677,42191,-56.77551116535361,49,0,1,0,9.716714369739657,0.19837100000000008,2.098696969905678
678,42239,-54.80305245664037,48,0,1,0,8.755484956084766,0.19745900000000005,1.8806123187144597
679,42330,-48.23433364936943,91,0,1,0,4.396124980851872,0.19573000000000007,2.300264284014702
680,42346,-80.89538951201165,16,0,1,0,22.601653187970406,0.195426,3.36971353366971
681,42420,-49.61193564244771,74,0,1,0,5.509925720211413,0.19401999999999997,2.2223895403581695
682,42482,-46.94615205845171,62,0,1,0,4.477033788848559,0.19284200000000007,1.9741825427739852
683,42531,-56.65524122431177,49,0,1,0,9.656578768323042,0.19191099999999994,2.5514417649531853
684,42596,-51.75412194828458,65,0,1,0,6.806020647895595,0.19067600000000007,1.485793612095026
685,42650,-58.236463402605395,54,0,1,0,10.322190011811061,0.1896500000000001,2.0996111730734506
686,42707,-45.759114166031864,57,0,1,0,4.008515238803891,0.18856700000000004,2.2033869770535253
687,42779,-49.15431060233909,72,0,1,0,5.331113456957512,0.187199,2.0524009524120226
688,42834,-55.02489606701722,55,0,1,0,8.691405793131318,0.18615400000000004,2.376365859942003
689,42889,-59.96991052088969,55,0,1,0,11.16391353411929,0.18510900000000008,2.723730883815072
690,42961,-47.43519450559059,72,0,1,0,4.4715549409705675,0.18374100000000004,1.9763754941523075
691,43024,-45.52327970336283,63,0,1,0,3.740598304790315,0.18254400000000004,2.5331537165339033
692,43072,-65.60778550459861,48,0,1,0,14.15785175290978,0.18163200000000002,2.6099073781321445
693,43174,-45.48519452890782,102,0,1,0,2.746556400771805,0.17969400000000002,2.357895488832511
694,43243,-51.06433634396816,69,0,1,0,6.361126559614428,0.17838300000000007,2.082280751371729
695,43298,-48.7947213517364,55,0,1,0,5.5763194036327866,0.1773380000000001,1.8428781111132015
696,43362,-50.473966909056145,64,0,1,0,6.190942590052307,0.176122,2.586865130579099
697,43407,-63.84773948300487,45,0,1,0,13.352827941134164,0.17526700000000006,2.096123238073455
698,43475,-54.63246741758359,68,0,1,0,8.170192161900678,0.173975,2.724285659106339
699,43502,-76.09696835664207,27,0,1,0,19.92744242531727,0.173462,2.8242921845780478
700,43560,-50.06077480117345,58,0,1,0,6.134345348310039,0.17236000000000007,2.1457063820341538
701,43634,157.8396696585574,74,1,0,0,1.784124711012493,0.17095400000000005,2.167458242057143
702,43677,-53.31983462556622,43,0,1,0,8.138875766276641,0.1701370000000001,3.1972136185612787
703,43747,158.23864092502288,70,1,0,0,1.6846380437434392,0.16880700000000004,2.5707419601934296
704,43806,-48.22298465719403,59,0,1,0,5.190450391502735,0.167686,2.536684446163097
705,43871,-47.11711755195567,65,0,1,0,4.487516535600552,0.16645100000000002,2.253984162899164
706,43893,-83.4857263992636,22,0,1,0,23.746820928973733,0.1660330000000001,2.7996974926103246
707,43950,-61.20450166959071,57,0,1,0,11.731208922063164,0.16495000000000004,2.867684107600597
708,44006,-49.8928737949059,56,0,1,0,6.100395354793234,0.16388599999999998,2.6717440813247646
709,44032,-74.8397774177566,26,0,1,0,19.323847023971588,0.1633920000000001,3.0112548791445217
710,44106,-51.45682355352674,74,0,1,0,6.43237037208406,0.16198600000000007,2.0075375026947744
711,44170,-43.95530495156652,64,0,1,0,2.9316105115283855,0.16077000000000008,1.926256625680253
712,44320,44.436136419947225,150,0,0,0,6.5858897843461035,0.15792000000000006,2.110770738621553
713,44382,-49.39304827459644,62,0,1,0,5.700482956222327,0.15674200000000005,2.3759912290880756
714,44463,-46.44639314031333,81,0,1,0,3.7521547637092514,0.15520299999999998,1.9774338472404598
715,44547,157.14461544597967,84,1,0,0,1.8816516412663318,0.15360700000000005,2.6236768192833377
716,44620,-51.98048737846079,73,0,1,0,6.719202192786245,0.15222000000000002,2.7484783536359054
717,44695,-42.92540861879172,75,0,1,0,2.141662396663678,0.150795,2.628938462336858
718,44755,-46.484747757437894,60,0,1,0,4.296333015036836,0.14965499999999998,2.556550974647204
719,44855,-45.656584273234934,100,0,1,0,2.8822498962401895,0.14775500000000008,2.660648766607046
720,44919,-43.41210981236748,64,0,1,0,2.660013080560712,0.14653900000000009,1.9477771208621562
721,44984,-44.42327822153391,65,0,1,0,3.140597174616399,0.145304,1.9910372358102064
722,45000,18.16872212146837,16,0,0,0,23.069597705829104,0.14500000000000002,0.9908927697688341
